"Built","n","prop"
"3.4.1",10,0.104166666666667
"3.4.2",1,0.0104166666666667
"3.4.3",85,0.885416666666667
